Date,Quantity,Tonnage(kg),Average Weight,Actual Price per kg,Total Sales,Population of DOCs Given,Cost Per DOC,Total Cost of DOC,Actual Feed Amount Received by Farmer,Total Cost of Feed,Cost of Material,Quantity of Material,Total Material Cost
2023-06-01,4297,8068.3,1.8191666666666666,21675.0,177899580,32500.0,8233.333333333334,266850000.0,960.0,412000000.0,49333.333333333336,24.0,904000.0
2023-06-02,11118,19555.7,1.8877777777777778,22122.222222222223,434007950,32500.0,8233.333333333334,266850000.0,960.0,412000000.0,49333.333333333336,24.0,904000.0
2023-06-03,9434,17566.5,1.9262962962962962,21625.925925925927,379716770,10000.0,8250.0,82500000.0,480.0,206400000.0,72600.0,75.0,3574000.0
2023-06-04,5358,11206.0,2.1100000000000003,21795.0,244158250,9000.0,8350.0,75150000.0,480.0,206400000.0,72600.0,75.0,3574000.0
2023-06-05,11458,20335.0,1.786153846153846,20930.76923076923,431674800,9000.0,8350.0,75150000.0,800.0,344400000.0,76200.0,16.0,1208000.0
2023-06-06,9220,17340.8,1.921578947368421,21200.0,367488470,61300.0,8185.714285714285,501675000.0,960.0,416200000.0,45110.4375,18209.0,8201842.0
2023-06-07,10620,19054.3,1.7935999999999999,21356.0,406863010,25000.0,8000.0,200500000.0,960.0,414900000.0,101231.90909090909,145.0,5714265.0
2023-06-08,4894,8937.9,1.764375,20656.25,189879600,15000.0,8050.0,120750000.0,480.0,206000000.0,51768.875,11784.2,15038543.0
2023-06-09,4175,6023.3,1.4225,20012.5,126911350,15000.0,8050.0,120750000.0,800.0,344200000.0,51768.875,11784.2,15038543.0
2023-06-10,2840,3382.2999999999997,1.1925,21500.0,72719450,28300.0,8125.0,230110000.0,640.0,276000000.0,50450.5,50.0,1383705.0
2023-06-11,1634,2673.6,1.73,21400.0,57182400,28300.0,8125.0,230110000.0,0.0,0.0,50450.5,50.0,1383705.0
2023-06-12,12728,26506.3,2.2046875,21806.25,577512200,28300.0,8125.0,230110000.0,960.0,416600000.0,64325.48387096774,11184.0,9101249.0
2023-06-13,6595,15431.5,2.3484210526315787,21894.736842105263,337546500,28300.0,8125.0,230110000.0,800.0,345400000.0,64325.48387096774,11184.0,9101249.0
2023-06-14,11189,22470.9,2.0380555555555557,22283.333333333332,500695350,13000.0,8350.0,108550000.0,320.0,137600000.0,103987.5,35.0,2919000.0
2023-06-15,21440,36933.8,1.8001960784313726,22390.196078431374,828671370,13000.0,8350.0,108550000.0,480.0,206000000.0,67330.66666666667,118.0,4442468.0
2023-06-16,9615,17450.4,1.811785714285714,22310.714285714286,389799980,8000.0,7825.0,63750000.0,480.0,206400000.0,28700.0,65.0,1899100.0
2023-06-17,4505,8025.3,1.9407142857142858,22064.285714285714,181698550,8000.0,7825.0,63750000.0,640.0,275800000.0,90000.0,16.0,1440000.0
2023-06-18,9081,18208.5,2.060909090909091,23340.909090909092,428498320,15000.0,8125.0,121875000.0,0.0,0.0,90000.0,16.0,1440000.0
2023-06-19,10651,20131.2,2.1055,23285.0,468825110,15000.0,8125.0,121875000.0,960.0,414000000.0,76200.0,29.0,2183200.0
2023-06-20,7837,15837.300000000001,2.1216666666666666,22894.444444444445,363116940,25000.0,8450.0,211000000.0,960.0,414600000.0,57437.230769230766,14585.0,4202433.0
2023-06-21,4167,9017.2,2.195,22760.0,205558720,27000.0,8500.0,230000000.0,800.0,344500000.0,51992.933333333334,520.3,18467760.0
2023-06-22,22154,41911.0,2.020967741935484,22327.41935483871,937579370,7500.0,7400.0,55500000.0,640.0,275900000.0,52761.9,200.8,4970449.0
2023-06-23,19597,34806.4,1.8888888888888888,22162.962962962964,775454910,7500.0,7400.0,55500000.0,640.0,277200000.0,54419.6,112.0,3183754.0
2023-06-24,6902,10342.7,2.1004761904761904,22947.619047619046,242365500,10000.0,8195.0,81950000.0,640.0,274800000.0,54419.6,112.0,3183754.0
2023-06-25,7520,13052.1,1.8285714285714287,22864.285714285714,296292500,10000.0,8195.0,81950000.0,640.0,274800000.0,54419.6,112.0,3183754.0
2023-06-26,11979,19857.2,1.9113636363636362,23081.81818181818,462983400,10000.0,8195.0,81950000.0,1280.0,552400000.0,54419.6,112.0,3183754.0
2023-06-27,6905,13411.4,1.8604545454545454,21877.272727272728,300253990,10000.0,8195.0,81950000.0,800.0,349550000.0,57000.0,98.0,3635000.0
2023-06-28,6839,12497.1,1.866,22310.0,278821320,25000.0,8600.0,215000000.0,1280.0,551275000.0,57000.0,98.0,3635000.0
2023-06-29,6832,14069.8,2.0408,22092.0,313028820,19500.0,8319.0,158745000.0,0.0,0.0,57000.0,98.0,3635000.0
2023-06-30,4314,9481.6,2.1973333333333334,22200.0,210363460,19500.0,8319.0,158745000.0,960.0,415700000.0,62941.72,266.8,8188081.0
2023-07-01,5842,11440.1,2.0561904761904763,22214.285714285714,254076450,19500.0,8319.0,158745000.0,1280.0,556600000.0,35420.0,72.0,2550240.0
2023-07-02,13221,19303.0,1.8291304347826087,22643.478260869564,445140200,19500.0,8319.0,158745000.0,1280.0,556600000.0,35420.0,72.0,2550240.0
2023-07-03,15294,25471.0,1.8960000000000001,22253.333333333332,572989280,12000.0,8700.0,104400000.0,800.0,345200000.0,75222.22222222222,58.0,2939000.0
2023-07-04,16598,27207.2,1.8696969696969699,22236.363636363636,606960540,24600.0,8237.5,203310000.0,1280.0,551400000.0,230000.0,5.0,1150000.0
2023-07-05,25348,41648.8,1.6744776119402984,22652.238805970148,948324080,24600.0,8237.5,203310000.0,960.0,413400000.0,230000.0,1.0,230000.0
2023-07-06,13702,23945.8,1.7913513513513515,22500.0,538829720,14000.0,7988.0,111832000.0,640.0,276400000.0,85772.41666666667,182.0,10156287.0
2023-07-07,8954,13303.7,1.6673913043478261,22591.304347826088,304236130,25000.0,8200.0,204000000.0,1120.0,478800000.0,94800.0,56.0,4178000.0
2023-07-08,13488,22642.0,1.766764705882353,22708.823529411766,511504680,15500.0,7616.666666666667,122325000.0,640.0,275200000.0,40249.5,117.0,4062156.0
2023-07-09,13392,26117.2,1.9981081081081082,22027.027027027027,588150860,15500.0,7616.666666666667,122325000.0,640.0,275200000.0,40249.5,117.0,4062156.0
2023-07-10,11381,23431.3,2.0272972972972974,22700.0,530303050,15500.0,7616.666666666667,122325000.0,960.0,418400000.0,51231.05882352941,426.0,14853246.0
2023-07-11,12983,26684.7,2.0845454545454545,22759.090909090908,606835920,14200.0,7560.0,108360000.0,480.0,210600000.0,84313.02173913043,405.5,15976927.0
2023-07-12,11154,24110.7,2.184871794871795,22610.25641025641,545697260,43400.0,8293.75,372160000.0,480.0,208400000.0,84313.02173913043,405.5,15976927.0
2023-07-13,13862,26192.6,2.0572340425531914,22591.489361702126,591631470,43400.0,8293.75,372160000.0,800.0,346100000.0,30498.0,15017.0,1735600.0
2023-07-14,13497,26161.1,1.9775675675675677,22643.243243243243,591806990,21000.0,7900.0,173750000.0,640.0,275000000.0,30498.0,15017.0,1735600.0
2023-07-15,10500,21515.4,2.00875,22337.5,483230290,33000.0,8275.0,271800000.0,480.0,205200000.0,93243.75,124.0,8581400.0
2023-07-16,12342,22420.2,2.0316666666666667,22736.666666666668,514198110,33000.0,8275.0,271800000.0,480.0,205200000.0,81124.86666666667,93.7,3255137.0
2023-07-17,11865,23568.1,2.0686666666666667,22336.666666666668,525492860,33000.0,8275.0,271800000.0,800.0,347200000.0,81124.86666666667,93.7,3255137.0
2023-07-18,6987,11850.1,1.7010526315789474,21921.052631578947,259530900,31500.0,8283.333333333334,265150000.0,1120.0,487900000.0,48001.0,43.0,2701470.0
2023-07-19,7412,12519.4,1.7147368421052631,21921.052631578947,275152550,21500.0,8416.666666666666,180850000.0,0.0,0.0,48001.0,43.0,2701470.0
2023-07-20,3949,7126.8,1.7600000000000002,21540.0,152048750,21500.0,8416.666666666666,180850000.0,640.0,275800000.0,56267.5,189.0,8357100.0
2023-07-21,15395,24183.3,1.6751724137931034,20513.793103448275,493388790,20000.0,8000.0,162250000.0,480.0,212200000.0,2219250.0,26.0,6130500.0
2023-07-22,10315,17573.6,1.8708695652173915,20147.82608695652,358336250,26000.0,8600.0,223150000.0,560.0,242000000.0,88826.69230769231,172.0,10127551.0
2023-07-23,9385,18248.2,1.9377777777777778,19711.11111111111,365804630,5400.0,8750.0,47250000.0,560.0,242000000.0,88826.69230769231,172.0,10127551.0
2023-07-24,10492,21138.6,2.0412500000000002,19755.0,417363420,5400.0,8750.0,47250000.0,760.0,331600000.0,86383.27777777778,288.0,12628758.0
2023-07-25,11807,20843.1,1.9245161290322579,19477.41935483871,412772610,49000.0,7833.333333333333,404800000.0,480.0,206600000.0,39963.857142857145,163.0,5536910.0
2023-07-26,5630,10697.9,2.0034615384615386,18815.384615384617,201412110,19000.0,7975.0,160600000.0,960.0,409100000.0,39963.857142857145,163.0,5536910.0
2023-07-27,4406,9304.2,2.0905882352941174,18164.70588235294,169026360,19000.0,7975.0,160600000.0,1120.0,485000000.0,64096.333333333336,25824.0,8711353.0
2023-07-28,5871,10389.9,1.709375,16743.75,187854980,10000.0,7850.0,78500000.0,400.0,171800000.0,64096.333333333336,25824.0,8711353.0
2023-07-29,9685,19788.2,2.043333333333333,17261.904761904763,342277640,17000.0,8650.0,147800000.0,960.0,420800000.0,64096.333333333336,25824.0,8711353.0
2023-07-30,5857,8877.800000000001,2.011111111111111,17944.444444444445,170738680,4000.0,8400.0,33600000.0,0.0,0.0,64096.333333333336,25824.0,8711353.0
2023-07-31,7296,14248.0,1.9930769230769232,17561.53846153846,252613680,4000.0,8400.0,33600000.0,890.0,381650000.0,115034.77777777778,99.0,6377641.0
2023-08-01,6679,14096.8,2.0827272727272725,17631.81818181818,246187530,26000.0,7000.0,182000000.0,700.0,298500000.0,57834.94871794872,582.0,15840372.0
2023-08-02,14930,22928.6,2.07125,18375.0,444478900,26000.0,7000.0,182000000.0,900.0,384700000.0,29116.0,5402.0,291887.0
2023-08-03,3395,5293.5,2.27,18850.0,103414650,26000.0,7000.0,182000000.0,800.0,342400000.0,29116.0,5402.0,291887.0
2023-08-04,8172,16131.6,2.183157894736842,18705.263157894737,307960260,26000.0,7000.0,182000000.0,800.0,353200000.0,29116.0,5402.0,291887.0
2023-08-05,9148,15674.3,2.01125,19350.0,310686760,50000.0,8068.75,406150000.0,638.0,277012500.0,31855.277777777777,8284.0,6530826.0
2023-08-06,10812,22496.0,2.2023076923076923,19238.46153846154,439904600,50000.0,8068.75,406150000.0,638.0,277012500.0,31855.277777777777,8284.0,6530826.0
2023-08-07,21307,32886.4,1.888,19891.428571428572,671568160,50000.0,8068.75,406150000.0,1820.0,810975000.0,53202.52173913043,10233.0,9974180.0
2023-08-08,7903,14937.0,1.9822727272727272,20427.272727272728,305479840,50000.0,8068.75,406150000.0,600.0,274550000.0,49898.63636363636,10126.0,6932390.0
2023-08-09,7974,13491.1,1.7677777777777777,20970.37037037037,282082050,50000.0,8068.75,406150000.0,590.0,261287500.0,37696.4,14165.0,7066566.0
2023-08-10,10863,20175.5,1.9555172413793103,21279.310344827587,431666350,50000.0,8068.75,406150000.0,640.0,284900000.0,202591.0,16006.0,2950860.0
2023-08-11,11350,22481.0,2.0578260869565215,21204.347826086956,476685500,11000.0,7938.0,87318000.0,865.0,383931250.0,202591.0,16006.0,2950860.0
2023-08-12,10962,19920.4,1.8832,20356.0,411307450,16000.0,6900.0,110400000.0,615.0,274193750.0,202591.0,16006.0,2950860.0
2023-08-13,11759,23501.5,1.972258064516129,21219.354838709678,493244450,16000.0,6900.0,110400000.0,0.0,0.0,202591.0,16006.0,2950860.0
2023-08-14,12929,26152.7,2.1205128205128205,20669.23076923077,540104910,16000.0,6900.0,110400000.0,1010.0,437375000.0,34994.0,5014.0,839888.0
2023-08-15,13751,29546.7,2.230625,20265.625,596417530,16000.0,6900.0,110400000.0,560.0,243700000.0,34994.0,5014.0,839888.0
2023-08-16,8380,17588.6,2.0853125,20000.0,354242580,16000.0,6900.0,110400000.0,700.0,308275000.0,51837.82352941176,155.0,5403570.0
2023-08-17,9474,18327.9,1.9743333333333333,20270.0,370563270,16000.0,6900.0,110400000.0,-46.0,-20527500.0,51837.82352941176,155.0,5403570.0
2023-08-18,12968,24855.6,2.2324,20776.0,519025350,15000.0,8375.0,125625000.0,1920.0,839875000.0,78892.51612903226,412.0,22266502.0
2023-08-19,8187,17492.9,2.1395652173913042,20686.956521739132,357831600,33000.0,8008.333333333333,262450000.0,800.0,354300000.0,78892.51612903226,412.0,22266502.0
2023-08-20,11969,21722.3,2.055454545454545,20281.81818181818,453288190,33000.0,8008.333333333333,262450000.0,-31.0,-13330000.0,78892.51612903226,412.0,22266502.0
2023-08-21,29889,53708.5,1.9158333333333333,20738.333333333332,1112785210,33000.0,8008.333333333333,262450000.0,787.0,345307500.0,414900.0,5.0,2074500.0
2023-08-22,12514,22637.0,1.9289999999999998,20566.666666666668,467071520,33000.0,8008.333333333333,262450000.0,342.0,149380000.0,414900.0,5.0,2074500.0
2023-08-23,4695,7596.2,1.4063636363636365,19436.363636363636,152227940,15000.0,7500.0,112500000.0,427.0,185475000.0,414900.0,5.0,2074500.0
2023-08-24,19854,34036.2,1.985609756097561,20156.09756097561,703746090,15000.0,7500.0,112500000.0,640.0,275200000.0,70080.3125,97.0,4504288.0
2023-08-25,20759,41016.4,1.973030303030303,20143.939393939392,825774650,45000.0,7883.333333333333,354750000.0,132.0,56760000.0,56180.666666666664,91.0,4488790.0
2023-08-26,10828,19848.7,1.8937037037037039,19737.037037037036,398186220,17500.0,5750.0,100750000.0,744.0,318610000.0,98205.375,10115.0,6364662.0
2023-08-27,11082,18621.7,1.71125,19495.833333333332,370459960,17500.0,5750.0,100750000.0,744.0,318610000.0,98205.375,10115.0,6364662.0
2023-08-28,3624,6548.7,1.863846153846154,19423.076923076922,131021740,17500.0,5750.0,100750000.0,883.0,382922500.0,405150.0,5.0,2025750.0
2023-08-29,12855,21304.7,1.7,20054.166666666668,428503370,17500.0,5750.0,100750000.0,120.0,51648750.0,53619.142857142855,124.0,5281251.0
2023-08-30,16843,31316.6,1.8386206896551724,19793.103448275862,616663460,17500.0,5750.0,100750000.0,680.0,289700000.0,570629.0,4.0,2282515.0
2023-08-31,13353,23762.7,1.84,19872.41379310345,475047840,17500.0,5750.0,100750000.0,881.0,376340000.0,29958.833333333332,15052.0,2648730.0
2023-09-01,13917,25363.3,1.8447058823529412,20858.823529411766,528421490,17500.0,5750.0,100750000.0,881.0,376340000.0,118333.33333333333,7.0,1275000.0
2023-09-02,8018,15782.6,1.9715384615384615,20765.384615384617,327340200,32500.0,7675.0,248875000.0,160.0,68000000.0,82800.0,46.0,2607000.0
2023-09-03,1516,2462.1,1.6025,18575.0,47378000,18000.0,7423.62,133625160.0,-88.0,-39820000.0,82800.0,46.0,2607000.0
2023-09-04,8038,14298.4,1.8196153846153846,20469.23076923077,294721250,18000.0,7423.62,133625160.0,480.0,204300000.0,82800.0,46.0,2607000.0
2023-09-05,1833,3884.0,2.2155555555555555,20933.333333333332,81087600,18000.0,7423.62,133625160.0,800.0,343100000.0,160716.66666666666,7.0,1011550.0
2023-09-06,10820,17219.2,1.6953333333333334,20873.333333333332,360568960,7500.0,6600.0,49500000.0,0.0,0.0,66688.38461538461,10275.0,10960770.0
2023-09-07,3061,6213.4,1.9666666666666668,20700.0,128447860,7500.0,6600.0,49500000.0,640.0,274300000.0,66688.38461538461,10275.0,10960770.0
2023-09-08,5407,8696.2,1.95375,20550.0,180948900,7500.0,6600.0,49500000.0,480.0,206400000.0,53619.142857142855,119.0,5112779.0
2023-09-09,8724,18485.4,2.1831578947368424,20578.947368421053,380665800,19000.0,6637.5,140825000.0,480.0,204000000.0,97680.16666666667,21.0,1218558.0
2023-09-10,13102,27788.4,2.1634210526315787,20610.526315789473,572340540,19000.0,6637.5,140825000.0,480.0,204000000.0,97680.16666666667,21.0,1218558.0
2023-09-11,9143,21363.0,2.3433333333333333,20251.515151515152,432328680,19000.0,6637.5,140825000.0,320.0,136000000.0,64750.0,147.0,6276000.0
2023-09-12,9593,18168.0,2.13,19153.846153846152,364211860,20000.0,7725.0,154500000.0,581.0,249023750.0,182203.5,17.0,3033048.0
2023-09-13,2986,7192.0,2.3845454545454547,19554.545454545456,140415620,4500.0,5000.0,22500000.0,320.0,136000000.0,45930.57142857143,40.0,1679653.0
2023-09-14,10101,18813.6,1.8981481481481481,18822.222222222223,354369760,6000.0,7738.0,46428000.0,640.0,275100000.0,115080.90909090909,52.0,3679143.0
2023-09-15,9478,17089.8,1.8633333333333333,18216.666666666668,313854620,6000.0,7738.0,46428000.0,800.0,343400000.0,115080.90909090909,52.0,3679143.0
2023-09-16,5770,10831.7,2.034666666666667,18240.0,198341020,22500.0,7333.333333333333,165037500.0,480.0,204000000.0,115080.90909090909,52.0,3679143.0
2023-09-17,1573,3755.4,2.2014285714285715,18214.285714285714,67984900,7000.0,7475.0,52325000.0,480.0,204000000.0,115080.90909090909,52.0,3679143.0
2023-09-18,3706,6916.9,2.1,17937.5,124170100,7000.0,7475.0,52325000.0,480.0,206800000.0,115080.90909090909,52.0,3679143.0
2023-09-19,2293,4266.6,1.8099999999999998,17866.666666666668,75508280,24000.0,6012.5,150350000.0,480.0,204800000.0,79514.79166666667,299.0,11455830.0
2023-09-20,8759,11739.0,1.5690909090909089,18154.545454545456,217502250,24000.0,6012.5,150350000.0,480.0,208600000.0,971250.0,1.0,971250.0
2023-09-21,15512,26927.1,1.9066666666666665,17820.0,482376300,24000.0,6012.5,150350000.0,960.0,408400000.0,55664.666666666664,372.0,10228560.0
2023-09-22,5191,8856.0,1.792,18306.666666666668,162803710,33000.0,5075.0,166500000.0,480.0,206400000.0,98677.46153846153,193.0,8208750.0
2023-09-23,1727,3217.2,1.8450000000000002,18550.0,59778200,24000.0,4437.5,116400000.0,320.0,137600000.0,36000.0,50.0,1800000.0
2023-09-24,2740,3790.0,1.3533333333333333,19000.0,72010000,24000.0,4437.5,116400000.0,0.0,0.0,36000.0,50.0,1800000.0
2023-09-25,3771,5393.0,1.4175,19125.0,101464250,24000.0,4437.5,116400000.0,800.0,345300000.0,43100.21428571428,420.0,11735962.0
2023-09-26,11841,18593.3,1.8704166666666666,19245.833333333332,357752290,18000.0,2450.0,44100000.0,640.0,275200000.0,164720.5,110.0,7967924.0
2023-09-27,13583,27647.6,2.077297297297297,19086.486486486487,530097290,12000.0,3704.0,44856000.0,640.0,276600000.0,190985.8,44.0,7052059.0
2023-09-28,16793,34623.4,2.137966101694915,19154.237288135595,664569600,12000.0,3704.0,44856000.0,640.0,276600000.0,190985.8,44.0,7052059.0
2023-09-29,11988,22957.4,2.071470588235294,19205.882352941175,439576280,12000.0,3704.0,44856000.0,640.0,275200000.0,33085.666666666664,14024.0,1645666.0
2023-09-30,932,1980.2,2.1766666666666663,18833.333333333332,37281200,16000.0,4366.666666666667,66200000.0,480.0,208600000.0,90021.18181818182,71.0,3042733.0
2023-10-01,4172,8696.1,2.140909090909091,19054.545454545456,165642240,16000.0,4366.666666666667,66200000.0,0.0,0.0,90021.18181818182,71.0,3042733.0
2023-10-02,12630,27151.8,2.1964705882352944,19226.470588235294,521027490,16000.0,4366.666666666667,66200000.0,640.0,272500000.0,90021.18181818182,71.0,3042733.0
2023-10-03,8155,19704.5,2.373076923076923,19161.53846153846,376649300,35000.0,4808.333333333333,171625000.0,760.0,325000000.0,90021.18181818182,71.0,3042733.0
2023-10-04,9460,21908.8,2.343684210526316,19221.052631578947,420150820,12000.0,4575.0,54900000.0,640.0,272300000.0,44724.84210526316,292.0,8284535.0
2023-10-05,10754,20755.6,1.8403703703703702,19592.59259259259,405080620,12000.0,4575.0,54900000.0,750.0,320150000.0,91243.18181818182,121.0,4873006.0
2023-10-06,9537,15425.9,1.75,19676.190476190477,302693450,28500.0,4791.666666666667,134612500.0,750.0,320150000.0,94726.625,43.0,2504743.0
2023-10-07,770,1618.8,2.013333333333333,19866.666666666668,32069640,28500.0,4791.666666666667,134612500.0,0.0,0.0,77918.18181818182,121.0,5629500.0
2023-10-08,2898,5839.0,1.9966666666666666,19844.444444444445,115836900,28500.0,4791.666666666667,134612500.0,800.0,348000000.0,77918.18181818182,121.0,5629500.0
2023-10-09,2928,6848.0,2.233636363636364,19881.81818181818,135712700,8000.0,3300.0,26400000.0,480.0,208500000.0,84140.5,66.0,4695026.0
2023-10-10,6823,16796.2,2.3615000000000004,19640.0,328674100,20000.0,4575.0,91500000.0,480.0,208800000.0,84140.5,66.0,4695026.0
2023-10-11,8138,17833.8,2.2284615384615383,19165.384615384617,341764350,20000.0,4575.0,91500000.0,0.0,0.0,75901.5,198.0,9174756.0
2023-10-12,6541,10322.8,1.7405555555555554,18533.333333333332,190450820,20000.0,4575.0,91500000.0,800.0,348000000.0,612000.0,2.0,1224000.0
2023-10-13,4127,8976.6,2.2845454545454547,18145.454545454544,162996020,31000.0,4191.666666666667,136175000.0,0.0,0.0,84271.09090909091,9143.0,6031578.0
2023-10-14,7851,14101.4,1.8478947368421053,18194.736842105263,256744520,15000.0,3725.0,55875000.0,640.0,269250000.0,102002.66666666667,9110.0,6216478.0
2023-10-15,10266,20028.5,1.9485714285714286,18167.85714285714,364255390,11000.0,5038.0,55418000.0,640.0,270300000.0,102002.66666666667,9110.0,6216478.0
2023-10-16,6348,12104.8,1.96,18053.333333333332,216177880,11000.0,5038.0,55418000.0,1220.0,520400000.0,102002.66666666667,9110.0,6216478.0
2023-10-17,9713,17688.8,1.792857142857143,18042.85714285714,320845580,9500.0,3525.0,33487500.0,640.0,274300000.0,102002.66666666667,9110.0,6216478.0
2023-10-18,7320,12431.2,2.02375,18118.75,224865140,9500.0,3525.0,33487500.0,640.0,275900000.0,102002.66666666667,9110.0,6216478.0
2023-10-19,3948,7712.3,1.9466666666666665,18266.666666666668,141087050,7000.0,2100.0,14700000.0,960.0,408000000.0,154816.0,13207.0,1339168.0
2023-10-20,7670,12968.8,1.8935294117647057,18158.823529411766,233546200,29500.0,3925.0,115787500.0,330.0,140350000.0,88887.36,334.0,11961693.0
2023-10-21,3285,4993.6,1.51,16800.0,86708740,25000.0,3912.5,97375000.0,480.0,204000000.0,63953.666666666664,138.0,5454566.0
2023-10-22,6763,13718.9,2.0368421052631582,18257.894736842107,250320910,25000.0,3912.5,97375000.0,480.0,204000000.0,63953.666666666664,138.0,5454566.0
2023-10-23,9030,16511.3,1.9615789473684209,18073.684210526317,294490210,25000.0,3912.5,97375000.0,720.0,306600000.0,197449.38461538462,42.0,4862443.0
2023-10-24,8607,16217.9,1.9385,17930.0,290393790,18000.0,3825.0,68850000.0,960.0,407200000.0,197449.38461538462,42.0,4862443.0
2023-10-25,6601,12592.1,1.864375,17175.0,220477500,12000.0,3275.0,39300000.0,360.0,153600000.0,52945.454545454544,141.0,5600000.0
2023-10-26,4925,9889.5,2.0633333333333335,17860.0,175986500,12000.0,3275.0,39300000.0,640.0,275700000.0,52945.454545454544,141.0,5600000.0
2023-10-27,17220,28824.6,1.9634615384615384,17523.076923076922,496602160,12000.0,3775.0,45300000.0,640.0,272300000.0,52945.454545454544,141.0,5600000.0
2023-10-28,3158,5477.2,1.6818181818181819,16981.81818181818,95186840,12000.0,3775.0,45300000.0,640.0,273800000.0,75086.6,278.0,15359977.0
2023-10-29,4800,9267.4,1.8923529411764708,17264.70588235294,162723060,12000.0,3775.0,45300000.0,640.0,273800000.0,75086.6,278.0,15359977.0
2023-10-30,17008,34624.5,2.096304347826087,17443.478260869564,601551380,12000.0,3775.0,45300000.0,840.0,363000000.0,45434.0,169.0,7228765.0
2023-10-31,16035,31589.9,2.026666666666667,17566.666666666668,544934590,27000.0,5225.0,143675000.0,576.0,245500000.0,61578.846153846156,96.0,3669760.0
2023-11-01,5063,9365.5,1.959375,16318.75,156177730,18000.0,4800.0,86400000.0,500.0,213300000.0,135699.52380952382,295.0,18946016.0
2023-11-02,4357,11006.3,2.49,17143.75,192130250,18000.0,4800.0,86400000.0,430.0,185200000.0,95442.25,22.0,1354514.0
2023-11-03,7056,14216.4,2.0616666666666665,17994.444444444445,256176340,18000.0,4800.0,86400000.0,800.0,340800000.0,95442.25,22.0,1354514.0
2023-11-04,4768,8753.6,1.8435294117647059,18735.29411764706,164006560,20000.0,5775.0,115500000.0,640.0,271200000.0,134500.0,54.0,2870000.0
2023-11-05,4719,9079.4,1.8339999999999999,18813.333333333332,170705720,20000.0,5775.0,115500000.0,0.0,0.0,134500.0,54.0,2870000.0
2023-11-06,10495,18722.4,1.8181481481481483,19296.296296296296,360862140,20000.0,5775.0,115500000.0,560.0,239200000.0,134500.0,54.0,2870000.0
2023-11-07,13981,27718.4,1.9629411764705882,19214.70588235294,531892120,7000.0,6625.0,46375000.0,640.0,272000000.0,76171.44444444444,145.0,6663576.0
2023-11-08,16544,31717.4,2.0305,19185.0,603781640,17000.0,6237.5,105950000.0,300.0,123000000.0,54370.375,116.0,5574764.0
2023-11-09,12776,25423.2,2.039428571428571,19205.714285714286,487110590,17000.0,6237.5,105950000.0,1090.0,463700000.0,67495.83333333333,87.0,3747250.0
2023-11-10,10050,20477.4,2.1359375,19184.375,391832960,18000.0,7025.0,126450000.0,320.0,135200000.0,47983.333333333336,37.0,1632000.0
2023-11-11,12620,18906.1,1.7233333333333334,17833.333333333332,341729990,18000.0,7025.0,126450000.0,420.0,178500000.0,40500.0,60.0,2430000.0
2023-11-12,7122,12134.6,1.8359999999999999,18290.0,224102030,18000.0,7025.0,126450000.0,0.0,0.0,40500.0,60.0,2430000.0
2023-11-13,6906,10312.5,1.9092307692307693,18684.615384615383,190862600,18000.0,7025.0,126450000.0,1120.0,479775000.0,67428.88235294117,214.0,8997524.0
2023-11-14,8140,14586.7,1.837142857142857,18185.714285714286,266108170,32300.0,6658.333333333333,217957500.0,320.0,137400000.0,4989.0,100.0,498900.0
2023-11-15,8990,15429.5,1.9166666666666667,17866.666666666668,275916160,40000.0,6666.666666666667,265500000.0,320.0,135975000.0,53682.25,77.0,3454813.0
2023-11-16,7575,14875.8,1.9544444444444444,16877.777777777777,254435280,40000.0,6666.666666666667,265500000.0,360.0,149800000.0,68221.4375,257.0,12485576.0
2023-11-17,5186,9907.9,1.8775000000000002,17291.666666666668,170777350,12000.0,5525.0,66300000.0,320.0,135200000.0,94726.625,40.0,2227170.0
2023-11-18,7285,12239.1,1.8533333333333335,16795.238095238095,204558960,12000.0,5525.0,66300000.0,800.0,338800000.0,94726.625,40.0,2227170.0
2023-11-19,8387,15534.7,1.9030434782608694,16382.608695652174,257013190,12000.0,5525.0,66300000.0,800.0,338800000.0,94726.625,40.0,2227170.0
2023-11-20,7849,16981.5,2.1892592592592592,16296.296296296296,276557790,12000.0,5525.0,66300000.0,1120.0,473450000.0,71133.7,279.0,13207371.0
2023-11-21,14127,24251.4,1.872962962962963,15688.888888888889,375393190,28000.0,4791.666666666667,133500000.0,320.0,137700000.0,71133.7,279.0,13207371.0
2023-11-22,8886,19086.9,2.1325,15175.0,286982310,28000.0,4791.666666666667,133500000.0,480.0,202550000.0,93977.75,140.0,8261732.0
2023-11-23,11086,20216.6,2.024736842105263,14857.894736842105,297483160,28000.0,4791.666666666667,133500000.0,640.0,269700000.0,93977.75,140.0,8261732.0
2023-11-24,8782,19063.6,2.1763999999999997,14648.0,277574520,21300.0,3262.5,72650000.0,720.0,305200000.0,93977.75,140.0,8261732.0
2023-11-25,6715,14895.6,2.2079166666666667,14675.0,217704350,41500.0,3475.0,144350000.0,640.0,268460000.0,40754.90909090909,366.0,8318892.0
2023-11-26,10494,22827.1,2.2107894736842106,14660.526315789473,332772050,41500.0,3475.0,144350000.0,640.0,268460000.0,40754.90909090909,366.0,8318892.0
2023-11-27,10338,20929.9,2.1063636363636364,15254.545454545454,318406850,41500.0,3475.0,144350000.0,640.0,274400000.0,54787.944444444445,188.0,7275679.0
2023-11-28,8506,18393.6,2.2207142857142856,15571.42857142857,282045320,31000.0,3500.0,108500000.0,800.0,335200000.0,54787.944444444445,188.0,7275679.0
2023-11-29,5976,13885.9,2.335625,15550.0,219576350,31000.0,3500.0,108500000.0,640.0,265600000.0,68316.66666666667,8.0,450150.0
2023-11-30,6867,13515.1,2.165,16443.75,222207100,31000.0,3500.0,108500000.0,480.0,200000000.0,68316.66666666667,8.0,450150.0
2023-12-01,4105,7680.1,1.9628571428571429,16628.571428571428,128241600,22000.0,3825.0,83550000.0,160.0,66400000.0,50976.208333333336,329.0,10410939.0
2023-12-02,1362,2347.8,1.7075,16800.0,39443040,25000.0,3625.0,92725000.0,480.0,204500000.0,30000.0,45.0,1350000.0
2023-12-03,1819,3547.0,2.0,16840.0,59663600,25000.0,3625.0,92725000.0,0.0,0.0,30000.0,45.0,1350000.0
2023-12-04,6128,12850.6,2.0855,17220.0,221045940,25000.0,3625.0,92725000.0,1120.0,471600000.0,50165.625,146.0,6483600.0
2023-12-05,6026,12068.8,2.18,16466.666666666668,203882400,16000.0,3925.0,62800000.0,640.0,270100000.0,63400.0,70.0,2500000.0
2023-12-06,13108,26449.1,2.02,16763.636363636364,441978050,18000.0,3725.0,67050000.0,480.0,203450000.0,63400.0,70.0,2500000.0
2023-12-07,7503,14998.7,2.135,16218.75,243821110,18000.0,3725.0,67050000.0,480.0,202100000.0,23540.0,40.0,941600.0
2023-12-08,12832,27855.6,2.1961764705882354,15726.470588235294,438542200,18000.0,3725.0,67050000.0,480.0,200000000.0,64438.083333333336,91.0,4133648.0
2023-12-09,10607,21507.0,2.1389655172413793,15227.586206896553,327540270,26000.0,2600.0,68900000.0,480.0,201600000.0,57077.57142857143,124.0,5636576.0
2023-12-10,16924,34333.4,2.1443589743589744,15287.179487179486,524593510,26000.0,2600.0,68900000.0,480.0,201600000.0,57077.57142857143,124.0,5636576.0
2023-12-11,6036,14111.800000000001,2.3666666666666667,15162.5,213826290,26000.0,2600.0,68900000.0,1120.0,474650000.0,57077.57142857143,124.0,5636576.0
2023-12-12,3370,4885.2,1.7766666666666666,13500.0,74720700,26000.0,2600.0,68900000.0,480.0,201200000.0,38880.10526315789,233.0,6222485.0
2023-12-13,3407,5571.5,1.682,15580.0,87182800,15900.0,2919.0,42828000.0,740.0,314300000.0,38880.10526315789,233.0,6222485.0
2023-12-14,2691,4630.3,1.9485714285714286,14628.57142857143,68996430,15900.0,2919.0,42828000.0,800.0,334100000.0,91360.63157894737,193.0,11958954.0
2023-12-15,14306,27000.9,2.0493548387096774,15370.967741935483,414613820,52800.0,2200.0,120840000.0,640.0,265600000.0,61200.0,189.0,6874000.0
2023-12-16,3741,5301.7,1.4444444444444444,15766.666666666666,83607350,52800.0,2200.0,120840000.0,640.0,268800000.0,55810.0,118.0,3255350.0
2023-12-17,1627,2903.5,1.8033333333333335,15633.333333333334,45376550,52800.0,2200.0,120840000.0,0.0,0.0,55810.0,118.0,3255350.0
2023-12-18,8186,15958.2,1.9791304347826089,16282.608695652174,259801200,52800.0,2200.0,120840000.0,1280.0,538545000.0,54859.77777777778,212.0,7355428.0
2023-12-19,9448,16060.2,2.036470588235294,16317.64705882353,262261840,9000.0,2000.0,18000000.0,480.0,203700000.0,64000.0,85.0,3482000.0
2023-12-20,14772,28468.3,2.1660714285714286,16725.0,472281900,15000.0,1862.5,28625000.0,800.0,337850000.0,52475.0,34.0,1704000.0
2023-12-21,5594,12065.6,2.1447368421052633,17031.57894736842,205319890,15000.0,1862.5,28625000.0,800.0,334400000.0,84385.33333333333,51.0,2812802.0
2023-12-22,6623,12678.0,2.055625,17125.0,217127520,22500.0,1725.0,38812500.0,640.0,261850000.0,38425.0,48.0,1371900.0
2023-12-23,10794,20880.7,2.055625,16656.25,354159500,40000.0,2000.0,80000000.0,2240.0,918400000.0,38425.0,48.0,1371900.0
2023-12-24,7623,15449.8,2.1262499999999998,16662.5,261084140,40000.0,2000.0,80000000.0,0.0,0.0,38425.0,48.0,1371900.0
2023-12-25,12256,20915.7,1.9195454545454544,16881.81818181818,355555350,40000.0,2000.0,80000000.0,0.0,0.0,38425.0,48.0,1371900.0
2023-12-26,17900,35129.3,2.0790243902439025,17104.878048780487,599144030,40000.0,2000.0,80000000.0,0.0,0.0,53254.333333333336,295.0,10378060.0
2023-12-27,9422,18128.3,2.078333333333333,16955.555555555555,306286160,17000.0,2000.0,34000000.0,1440.0,590400000.0,74895.0,181.0,6058977.0
2023-12-28,9689,19056.1,1.9358620689655173,16796.55172413793,319039590,17000.0,2000.0,34000000.0,1600.0,656000000.0,74895.0,181.0,6058977.0
2023-12-29,12205,21552.9,1.9066666666666665,16258.333333333334,346991570,17000.0,2000.0,34000000.0,640.0,262400000.0,74895.0,181.0,6058977.0
2023-12-30,5819,12754.2,2.125,15755.555555555555,200534410,17000.0,2000.0,34000000.0,640.0,262400000.0,74895.0,181.0,6058977.0
2023-12-31,12890,24779.6,2.009850746268657,15777.611940298508,390076680,27700.0,2000.0,55400000.0,0.0,0.0,74895.0,181.0,6058977.0
2024-01-01,15309,28395.5,1.9252380952380952,15683.333333333334,444640160,27700.0,2000.0,55400000.0,0.0,0.0,74895.0,181.0,6058977.0
2024-01-02,17154,30678.9,1.8653846153846154,15397.435897435897,474795620,27700.0,2000.0,55400000.0,1120.0,459200000.0,52475.0,20.0,992250.0
2024-01-03,4972,10031.2,2.045,15550.0,154290060,22500.0,1525.0,34312500.0,480.0,196800000.0,62365.72727272727,63.0,3725540.0
2024-01-04,16181,33922.5,2.237142857142857,15250.0,513324930,22500.0,1525.0,34312500.0,800.0,328000000.0,42853.055555555555,260.0,6933550.0
2024-01-05,10508,23380.8,2.316153846153846,15207.692307692309,352351360,5000.0,2938.0,14690000.0,620.0,258200000.0,29680.4,129.0,2448458.0
2024-01-06,8081,19602.9,2.3850000000000002,15692.857142857143,306544880,5000.0,2938.0,14690000.0,0.0,0.0,29680.4,129.0,2448458.0
2024-01-07,9630,19977.3,2.0985185185185182,15811.111111111111,314766090,21700.0,1925.0,41772500.0,0.0,0.0,29680.4,129.0,2448458.0
2024-01-08,6829,13631.1,1.9775999999999998,16316.0,222415610,21700.0,1925.0,41772500.0,1440.0,595500000.0,29680.4,129.0,2448458.0
2024-01-09,12955,20206.6,1.8745,16665.0,331141120,6500.0,1525.0,9912500.0,160.0,69600000.0,47793.02777777778,441.0,14023333.0
2024-01-10,1736,3370.1,1.7975,16400.0,55761250,29000.0,1725.0,48625000.0,800.0,343200000.0,68097.0,162.0,7913165.0
2024-01-11,3813,7290.4,1.9081818181818184,17845.454545454544,130014640,29000.0,1725.0,48625000.0,640.0,270400000.0,83491.66666666667,41.0,1910150.0
2024-01-12,10674,20578.8,2.1590476190476187,17580.95238095238,357439370,6500.0,2025.0,13162500.0,800.0,336800000.0,67216.2,67.0,2807690.0
2024-01-13,9514,18873.6,2.165,17753.846153846152,330252270,16000.0,2425.0,38800000.0,160.0,66400000.0,238983.33333333334,10.0,1632350.0
2024-01-14,15470,30268.9,2.227894736842105,17481.57894736842,517595820,16000.0,2425.0,38800000.0,160.0,68800000.0,238983.33333333334,10.0,1632350.0
2024-01-15,13873,27805.9,2.156842105263158,17671.052631578947,482338160,16000.0,2425.0,38800000.0,1120.0,466000000.0,33646.846153846156,301.0,6331932.0
2024-01-16,6643,13113.7,2.16,17511.11111111111,225542750,16000.0,2425.0,38800000.0,160.0,66400000.0,74407.86206896552,328.0,15142271.0
2024-01-17,5202,8664.0,2.3563636363636364,16800.0,143408920,16900.0,3525.0,59572500.0,160.0,66400000.0,74407.86206896552,328.0,15142271.0
2024-01-18,9314,18945.4,2.1289285714285713,16728.571428571428,321138730,16900.0,3525.0,59572500.0,320.0,132800000.0,120000.0,2.0,240000.0
2024-01-19,7467,16014.9,2.1675,16885.714285714286,272860190,40400.0,4966.666666666667,199510000.0,1200.0,509600000.0,120000.0,2.0,240000.0
2024-01-20,9474,19015.8,2.106153846153846,16346.153846153846,312560290,40400.0,4966.666666666667,199510000.0,320.0,137800000.0,230000.0,6.0,1380000.0
2024-01-21,8768,21301.6,2.346842105263158,16710.526315789473,353826490,40400.0,4966.666666666667,199510000.0,0.0,0.0,230000.0,6.0,1380000.0
2024-01-22,12829,23916.0,2.133125,16550.0,392422490,40400.0,4966.666666666667,199510000.0,960.0,408000000.0,42316.970588235294,668.0,16129948.0
2024-01-23,8101,17546.4,2.1084,16188.0,283280400,14000.0,5025.0,70350000.0,320.0,137600000.0,42316.970588235294,668.0,16129948.0
2024-01-24,7428,15960.7,2.14,16208.333333333334,258734290,26000.0,5387.5,140000000.0,480.0,206400000.0,78500.33333333333,30.0,1658813.0
2024-01-25,9120,18820.9,2.174545454545455,16309.09090909091,305838470,26000.0,5387.5,140000000.0,180.0,78100000.0,78500.33333333333,30.0,1658813.0
2024-01-26,12862,24656.2,2.035833333333333,16229.166666666666,396179500,9000.0,5425.0,48825000.0,800.0,342400000.0,84025.0,37.0,1384300.0
2024-01-27,7319,14800.5,1.9985714285714284,16552.380952380954,244244200,21500.0,5425.0,116637500.0,740.0,317300000.0,20000.0,30.0,600000.0
2024-01-28,5396,10430.6,1.939090909090909,16672.727272727272,173674600,21500.0,5425.0,116637500.0,740.0,317300000.0,20000.0,30.0,600000.0
2024-01-29,7870,14811.0,1.8954545454545455,16795.454545454544,248660500,21500.0,5425.0,116637500.0,540.0,236700000.0,20000.0,30.0,600000.0
2024-01-30,6574,12757.1,1.9155000000000002,16575.0,214309260,8000.0,6025.0,48200000.0,320.0,140800000.0,20000.0,30.0,600000.0
2024-01-31,5171,10705.3,2.036153846153846,17238.46153846154,184309560,25700.0,6308.333333333333,161232500.0,640.0,283050000.0,51000.0,56.0,2034000.0
2024-02-01,4190,7873.5,1.9300000000000002,16930.0,137352700,25700.0,6308.333333333333,161232500.0,620.0,271100000.0,230000.0,7.0,1610000.0
2024-02-02,5626,9267.5,1.7633333333333334,17325.0,165777060,25700.0,6308.333333333333,161232500.0,160.0,71200000.0,54136.0,435.0,12758869.0
2024-02-03,2508,4292.7,1.9542857142857142,18685.714285714286,79904760,29500.0,6825.0,201337500.0,640.0,284000000.0,54136.0,435.0,12758869.0
2024-02-04,9241,14690.8,1.8823529411764706,18882.352941176472,276561940,29500.0,6825.0,201337500.0,0.0,0.0,53650.0,18.0,938400.0
2024-02-05,7250,11280.2,1.7020000000000002,19126.666666666668,214746170,29500.0,6825.0,201337500.0,800.0,356000000.0,53650.0,18.0,938400.0
2024-02-06,9224,17941.600000000002,1.9545833333333331,19550.0,350836640,22500.0,7225.0,163612500.0,640.0,284800000.0,44893.16279069767,427.0,13300448.0
2024-02-07,5899,11951.4,2.0258823529411765,19770.58823529412,236097140,20700.0,7325.0,151627500.0,1440.0,640800000.0,57000.0,80.0,2882000.0
2024-02-08,12509,25173.7,2.060810810810811,19702.702702702703,495429160,20700.0,7325.0,151627500.0,0.0,0.0,57000.0,80.0,2882000.0
2024-02-09,9863,19452.399999999998,2.0453846153846156,19653.846153846152,381405240,23000.0,6625.0,153775000.0,640.0,283200000.0,57000.0,80.0,2882000.0
2024-02-10,2401,5356.400000000001,2.266,19620.0,104847060,15000.0,6525.0,98875000.0,320.0,140800000.0,57000.0,80.0,2882000.0
2024-02-11,6523,13242.7,2.1392857142857142,19657.14285714286,257126200,15000.0,6525.0,98875000.0,0.0,0.0,57000.0,80.0,2882000.0
2024-02-12,2567,6239.5,2.5014285714285713,19657.14285714286,122686740,15000.0,6525.0,98875000.0,960.0,426650000.0,61268.22222222222,249.0,9189700.0
2024-02-13,5514,8927.5,1.7036363636363634,19309.090909090908,172201180,15000.0,6525.0,98875000.0,0.0,0.0,61268.22222222222,249.0,9189700.0
2024-02-14,9907,19384.0,2.0275,19200.0,372277430,9000.0,5025.0,45225000.0,160.0,68800000.0,61268.22222222222,249.0,9189700.0
2024-02-15,9445,20337.2,2.205,18466.666666666668,376832680,9000.0,5025.0,45225000.0,960.0,428800000.0,61268.22222222222,249.0,9189700.0
2024-02-16,11979,25893.8,2.285925925925926,18181.48148148148,466551020,29000.0,4425.0,128325000.0,880.0,386800000.0,61268.22222222222,249.0,9189700.0
2024-02-17,6558,13413.4,2.185714285714286,17757.14285714286,237865470,29000.0,4425.0,128325000.0,720.0,322200000.0,61268.22222222222,249.0,9189700.0
2024-02-18,5109,8892.3,2.1719999999999997,17360.0,156127250,29000.0,4425.0,128325000.0,0.0,200000.0,61268.22222222222,249.0,9189700.0
2024-02-19,3825,6090.7,1.704,17600.0,105619350,29000.0,4425.0,128325000.0,720.0,323600000.0,65630.0,137.0,5321100.0
2024-02-20,5008,8117.4,1.4909090909090907,18345.454545454544,146144800,29000.0,4425.0,128325000.0,960.0,429600000.0,44028.333333333336,26.0,844245.0
2024-02-21,6650,12604.1,1.9921052631578948,18305.263157894737,233244620,29000.0,4425.0,128325000.0,640.0,287200000.0,85090.90909090909,163.0,6284000.0
2024-02-22,11860,24164.8,2.045,19331.57894736842,466453960,29000.0,4425.0,128325000.0,350.0,160600000.0,85090.90909090909,163.0,6284000.0
2024-02-23,18890,40609.6,2.1453333333333333,19746.666666666668,800231890,29000.0,4425.0,128325000.0,761.0,349045000.0,85090.90909090909,163.0,6284000.0
2024-02-24,14005,30189.7,2.171470588235294,20335.29411764706,612758740,45000.0,4818.75,212000000.0,640.0,291900000.0,85090.90909090909,163.0,6284000.0
2024-02-25,2078,4409.1,2.2328571428571427,20271.428571428572,89353050,45000.0,4818.75,212000000.0,640.0,291900000.0,85090.90909090909,163.0,6284000.0
2024-02-26,2704,3150.6,0.905,16750.0,61161700,45000.0,4818.75,212000000.0,960.0,429600000.0,32423.88888888889,181.0,4244000.0
2024-02-27,3043,5532.2,2.01,20916.666666666668,114221900,10000.0,6825.0,68250000.0,480.0,226800000.0,1122000.0,1.0,1122000.0
2024-02-28,14767,27209.0,1.973225806451613,21416.129032258064,582398950,10000.0,6825.0,68250000.0,320.0,144000000.0,72726.7741935484,225.0,12380071.0
2024-02-29,10272,19204.1,2.185,21622.727272727272,413094600,10000.0,6825.0,68250000.0,800.0,362000000.0,46492.46153846154,325.0,8603811.0
2024-03-01,14718,29021.3,2.1405405405405404,22202.702702702703,640975800,10000.0,6825.0,68250000.0,640.0,288850000.0,20000.0,30.0,600000.0
2024-03-02,6042,12090.3,2.024782608695652,22765.217391304348,275006630,41000.0,7925.0,324925000.0,640.0,285600000.0,82000.0,2.0,164000.0
2024-03-03,9701,17007.1,1.9970833333333333,22737.5,384700340,41000.0,7925.0,324925000.0,0.0,0.0,82000.0,2.0,164000.0
2024-03-04,13028,24177.2,1.9786666666666666,23260.0,558202080,41000.0,7925.0,324925000.0,800.0,356000000.0,40961.58823529412,342.0,10342863.0
2024-03-05,4387,8900.5,2.041333333333333,23773.333333333332,211792450,7300.0,8925.0,65152500.0,320.0,141600000.0,40961.58823529412,342.0,10342863.0
2024-03-06,8087,16130.4,2.0986363636363636,23640.909090909092,380062380,11000.0,8925.0,98175000.0,480.0,213600000.0,237847.0,47.0,4686900.0
2024-03-07,13324,23649.0,2.1482608695652172,22913.043478260868,531967540,11000.0,8925.0,98175000.0,480.0,213600000.0,69828.75,63.0,4700066.0
2024-03-08,6261,12719.1,2.0226315789473683,22278.947368421053,286850260,7000.0,8925.0,62475000.0,480.0,213050000.0,56330.0,75.0,2836400.0
2024-03-09,10531,21768.7,2.0686842105263157,21744.736842105263,472995160,12500.0,8925.0,111562500.0,800.0,356000000.0,56330.0,75.0,2836400.0
2024-03-10,11444,23815.1,2.0673809523809523,21719.04761904762,514983800,12500.0,8925.0,111562500.0,800.0,356000000.0,56330.0,75.0,2836400.0
2024-03-11,9750,18019.2,2.011071428571429,21657.14285714286,389063470,12500.0,8925.0,111562500.0,0.0,0.0,56330.0,75.0,2836400.0
2024-03-12,13308,25894.7,1.948157894736842,21144.736842105263,550200920,10000.0,8147.0,81470000.0,640.0,283500000.0,34436.72727272727,132.0,2694458.0
2024-03-13,8853,16252.1,1.9066666666666665,21233.333333333332,342896710,10000.0,8725.0,87250000.0,640.0,283600000.0,167288.0,10.0,1672875.0
2024-03-14,5515,10581.2,1.9,20823.529411764706,223778180,8000.0,8425.0,67400000.0,480.0,213200000.0,65766.66666666667,9.0,501000.0
2024-03-15,10974,22036.7,1.9929999999999999,21116.666666666668,464973630,8000.0,8425.0,67400000.0,160.0,71200000.0,65766.66666666667,9.0,501000.0
2024-03-16,12702,26570.8,2.083636363636364,21148.484848484848,560820760,8000.0,8425.0,67400000.0,480.0,217000000.0,65766.66666666667,9.0,501000.0
2024-03-17,6384,13899.8,2.1770588235294115,21147.058823529413,293876360,36600.0,7425.0,271755000.0,480.0,217000000.0,65766.66666666667,9.0,501000.0
2024-03-18,6264,12663.5,1.9354166666666668,20879.166666666668,268866450,36600.0,7425.0,271755000.0,960.0,426400000.0,60391.26666666667,168.0,5612213.0
2024-03-19,8014,15251.5,1.896923076923077,21788.46153846154,332974310,11500.0,7000.0,80500000.0,0.0,0.0,60391.26666666667,168.0,5612213.0
2024-03-20,9203,17599.0,1.9091666666666667,21800.0,382992760,12000.0,7000.0,84000000.0,480.0,213600000.0,43409.6875,246.0,5893745.0
2024-03-21,5907,11452.2,1.9417647058823528,22323.529411764706,255392330,12000.0,7000.0,84000000.0,580.0,258600000.0,53528.125,61.0,3032243.0
2024-03-22,2915,6120.6,2.099090909090909,22318.18181818182,136514040,26000.0,6925.0,180050000.0,600.0,266300000.0,53528.125,61.0,3032243.0
2024-03-23,5187,10534.4,2.13375,21800.0,229299500,6500.0,7538.0,48997000.0,160.0,71200000.0,53650.0,10.0,518300.0
2024-03-24,5289,8423.7,1.8845454545454545,21072.727272727272,179735980,6500.0,7538.0,48997000.0,160.0,71200000.0,53650.0,10.0,518300.0
2024-03-27,5784,10851.6,1.8699999999999999,20338.46153846154,221394960,8000.0,6625.0,53000000.0,480.0,213600000.0,53650.0,10.0,518300.0
2024-03-28,15231,25830.8,1.829,20013.333333333332,520662800,8000.0,6625.0,53000000.0,620.0,275900000.0,24000.0,28.0,708000.0
2024-03-29,9472,16679.8,1.8865217391304347,20182.608695652172,336913500,8000.0,6625.0,53000000.0,0.0,0.0,24000.0,28.0,708000.0
2024-03-30,1860,4118.0,2.2079999999999997,20340.0,83726920,13000.0,5836.0,76435000.0,800.0,355200000.0,60100.0,34.0,2395500.0
2024-03-31,10420,17439.4,1.8478260869565217,20360.869565217392,355341780,49000.0,6425.0,314825000.0,0.0,0.0,60100.0,34.0,2395500.0
2024-04-01,7018,13597.0,2.04625,21287.5,288456860,49000.0,6425.0,314825000.0,1220.0,540500000.0,93128.79069767441,363.0,18395357.0
2024-04-02,6788,12285.6,1.7793333333333334,20980.0,264398620,12500.0,6025.0,75312500.0,800.0,350400000.0,47878.60975609756,549.0,17379425.0
2024-04-03,4845,8014.5,1.8014285714285714,21814.285714285714,174503360,36000.0,6341.666666666667,230000000.0,1280.0,568400000.0,43900.333333333336,87.0,2007610.0
2024-04-04,4841,8968.6,1.8345454545454545,21854.545454545456,195859400,36000.0,6341.666666666667,230000000.0,1280.0,563600000.0,86511.3,68.0,3739143.0
2024-04-05,916,1718.5,1.8233333333333333,21866.666666666668,37485700,11100.0,6925.0,76867500.0,1280.0,562400000.0,52758.967741935485,274.0,9568492.0
2024-04-06,5170,9336.1,1.7586666666666666,21720.0,202919010,11100.0,6925.0,76867500.0,1600.0,706000000.0,53650.0,8.0,411000.0
2024-04-07,10456,22171.3,2.176111111111111,21550.0,476306830,19500.0,7288.0,142116000.0,1600.0,706000000.0,53650.0,8.0,411000.0
2024-04-08,13488,27426.3,2.000689655172414,21689.655172413793,594061190,15000.0,7288.0,109320000.0,0.0,0.0,53650.0,8.0,411000.0
2024-04-09,6198,12968.4,2.1138461538461537,21715.384615384617,281258480,20500.0,6932.333333333333,144272500.0,0.0,0.0,53650.0,8.0,411000.0
2024-04-10,1218,2457.0,2.0175,21800.0,53562600,20500.0,6932.333333333333,144272500.0,0.0,0.0,53650.0,8.0,411000.0
2024-04-11,8267,17255.5,2.0628571428571427,21561.904761904763,371942660,20500.0,6932.333333333333,144272500.0,0.0,0.0,53650.0,8.0,411000.0
2024-04-12,8793,15386.1,1.9199999999999997,21280.0,327062880,20500.0,6932.333333333333,144272500.0,0.0,0.0,53650.0,8.0,411000.0
2024-04-13,2523,5722.0,2.257142857142857,20571.428571428572,118857880,8000.0,7325.0,58600000.0,0.0,0.0,53650.0,8.0,411000.0
2024-04-14,3094,4888.6,1.9014285714285712,19828.571428571428,103183180,10000.0,7325.0,73250000.0,0.0,0.0,53650.0,8.0,411000.0
2024-04-15,9653,18092.3,1.9585185185185183,20625.925925925927,371938800,10000.0,7325.0,73250000.0,480.0,210400000.0,70500.0,75.0,3196000.0
2024-04-16,6809,12986.4,1.9739999999999998,20265.0,259649040,5000.0,7325.0,36625000.0,1005.0,441100000.0,70500.0,75.0,3196000.0
2024-04-17,4821,10141.1,2.12,20076.470588235294,203239540,17500.0,7325.0,128187500.0,480.0,208800000.0,44533.0,28.0,1061690.0
2024-04-18,5856,11978.8,2.168125,19843.75,236604760,17500.0,7325.0,128187500.0,960.0,417200000.0,95888.88888888889,36.0,2811000.0
2024-04-19,3190,6406.1,2.02,19466.666666666668,124765780,11000.0,6925.0,76175000.0,640.0,285000000.0,84026.875,584.0,27007384.0
2024-04-20,4011,6945.4,1.8380000000000003,18760.0,129891090,36000.0,5961.0,214596000.0,800.0,351200000.0,84026.875,584.0,27007384.0
2024-04-21,8511,13437.0,1.6527272727272726,18800.0,251376600,36000.0,5961.0,214596000.0,800.0,351200000.0,84026.875,584.0,27007384.0
2024-04-22,8459,14595.8,1.7466666666666668,18555.555555555555,267962670,36000.0,5961.0,214596000.0,960.0,420300000.0,198644.0,34.0,5938625.0
2024-04-23,9141,16819.0,1.8325,18635.0,312022790,34000.0,5747.0,195398000.0,640.0,277300000.0,230000.0,4.0,920000.0
2024-04-24,7637,14628.8,1.99625,18312.5,267541460,7000.0,5525.0,38675000.0,960.0,414900000.0,70484.61538461539,288.0,14411300.0
2024-04-25,14780,32076.0,2.09575,18557.5,593220840,7000.0,5525.0,38675000.0,640.0,276800000.0,47140.92857142857,272.0,11000365.0
2024-04-26,9090,15859.9,2.0575,18865.0,301914090,7000.0,5525.0,38675000.0,320.0,139200000.0,54537.916666666664,89.0,3117650.0
2024-04-27,12068,23917.1,1.9485714285714286,18977.14285714286,456333010,37000.0,5937.5,221950000.0,640.0,275300000.0,54537.916666666664,89.0,3117650.0
2024-04-28,17087,27682.3,1.8889189189189188,19170.27027027027,529744440,37000.0,5937.5,221950000.0,0.0,0.0,54537.916666666664,89.0,3117650.0
2024-04-29,11406,20175.0,2.0016666666666665,19845.833333333332,400242180,37000.0,5937.5,221950000.0,960.0,416000000.0,56330.0,82.0,3189200.0
2024-04-30,7320,11521.1,1.735,20250.0,233419070,6200.0,6525.0,40455000.0,1120.0,487900000.0,112118.83333333333,50.0,3313216.0
2024-05-01,4024,7494.7,1.875,19780.0,148176230,21000.0,6525.0,137025000.0,0.0,0.0,112118.83333333333,50.0,3313216.0
2024-05-02,4421,10053.6,2.275,20757.14285714286,208470800,21000.0,6525.0,137025000.0,640.0,278100000.0,112118.83333333333,50.0,3313216.0
2024-05-03,12355,26004.8,2.091578947368421,21386.842105263157,555270180,21000.0,6525.0,137025000.0,640.0,278600000.0,35842.57894736842,226.0,5948041.0
2024-05-04,6932,13566.4,2.126190476190476,21861.904761904763,296440060,8000.0,6625.0,53000000.0,1120.0,490700000.0,35842.57894736842,226.0,5948041.0
2024-05-05,4158,7386.4,1.9388888888888889,21755.555555555555,161074120,8000.0,6625.0,53000000.0,0.0,0.0,35842.57894736842,226.0,5948041.0
2024-05-06,18062,31187.6,1.8415789473684212,22339.473684210527,696695970,8000.0,6625.0,53000000.0,640.0,279600000.0,44362.75,219.0,5366987.0
2024-05-07,11161,21970.1,1.9752941176470586,22744.117647058825,499390900,20000.0,6557.0,131140000.0,800.0,344900000.0,102700.0,173.0,10655000.0
2024-05-08,18472,38043.7,2.0832727272727274,22734.545454545456,863144350,25200.0,7162.5,181177500.0,800.0,345500000.0,41781.875,64.0,2039808.0
2024-05-09,14620,30807.1,2.1095348837209302,22697.674418604653,698399670,25200.0,7162.5,181177500.0,0.0,0.0,41781.875,64.0,2039808.0
2024-05-10,14624,29528.3,2.0327272727272727,22218.18181818182,654409660,14000.0,7057.0,98798000.0,800.0,349600000.0,29500.0,26.0,772000.0
2024-05-11,11479,21820.8,1.941935483870968,21941.935483870966,481976510,12000.0,7700.0,92400000.0,610.0,264400000.0,57459.5,23.0,821606.0
2024-05-12,9017,18109.9,2.0907692307692307,22065.384615384617,399694750,12000.0,7700.0,92400000.0,610.0,264400000.0,57459.5,23.0,821606.0
2024-05-13,19919,37710.8,1.98734693877551,21220.408163265307,793819640,12000.0,7700.0,92400000.0,640.0,277300000.0,63000.0,177.0,6712000.0
2024-05-14,9567,17730.3,1.951851851851852,19666.666666666668,355266100,9000.0,8100.0,72900000.0,640.0,275200000.0,65927.85714285714,214.0,5809295.0
2024-05-15,6642,12975.8,1.9541666666666666,19858.333333333332,258015080,9000.0,8100.0,72900000.0,640.0,273300000.0,29500.0,40.0,1180000.0
2024-05-16,5764,11817.9,2.031875,18775.0,231641310,9000.0,8100.0,72900000.0,640.0,273300000.0,70474.25,356.0,13233034.0
2024-05-17,7824,14310.5,2.27125,19750.0,284707100,6000.0,9000.0,54000000.0,960.0,412400000.0,67006.63636363637,53.0,4176355.0
2024-05-18,2928,6133.8,2.264444444444445,20311.11111111111,124501520,31400.0,8450.0,267915000.0,600.0,255200000.0,66483.83333333333,17.0,1294052.0
2024-05-19,2345,3202.0,1.37,20500.0,65641000,31400.0,8450.0,267915000.0,600.0,255200000.0,66483.83333333333,17.0,1294052.0
2024-05-20,3980,7055.4,2.2175000000000002,20825.0,147250540,31400.0,8450.0,267915000.0,960.0,412000000.0,53650.0,3.0,156400.0
2024-05-21,2927,5809.2,2.02,21271.428571428572,124649720,24600.0,8462.5,211295000.0,480.0,204000000.0,156201.0,12.0,1148015.0
2024-05-22,8708,14527.7,1.8104545454545453,21395.454545454544,310874310,5100.0,9100.0,46410000.0,1280.0,549400000.0,156201.0,12.0,1148015.0
2024-05-23,5460,9002.2,1.684375,21325.0,191855900,5100.0,9100.0,46410000.0,0.0,0.0,156201.0,12.0,1148015.0
2024-05-24,6653,11826.6,1.7621052631578946,20836.842105263157,246257620,30000.0,8100.0,243000000.0,480.0,203200000.0,59853.0,137.0,5458506.0
2024-05-25,11132,21769.0,1.9361290322580644,19825.8064516129,431656690,4700.0,8500.0,39950000.0,800.0,341600000.0,230000.0,3.0,690000.0
2024-05-26,18819,33082.7,1.8894871794871795,19866.666666666668,658033050,4700.0,8500.0,39950000.0,800.0,341600000.0,230000.0,3.0,690000.0
2024-05-27,16175,33381.6,2.0654166666666667,19104.166666666668,640386110,4700.0,8500.0,39950000.0,640.0,277200000.0,230000.0,3.0,690000.0
2024-05-28,10776,24463.2,2.2657575757575756,18727.272727272728,456181470,19500.0,8500.0,167100000.0,480.0,205600000.0,72944.44444444444,91.0,2822000.0
2024-05-29,17407,35973.3,2.1835416666666667,18587.5,667514940,20000.0,8913.5,177124000.0,960.0,404800000.0,72944.44444444444,91.0,2822000.0
2024-05-30,11032,23988.6,2.1337142857142855,18211.428571428572,437361080,20000.0,8913.5,177124000.0,290.0,124050000.0,46492.46153846154,376.0,10133987.0
2024-05-31,3709,7463.0,2.0538461538461537,17976.923076923078,135046480,17000.0,8627.0,146659000.0,1120.0,480200000.0,41768.5625,248.0,7503587.0
2024-06-01,6126,11876.7,2.0460000000000003,17833.333333333332,215497160,11000.0,8627.0,94897000.0,0.0,0.0,50709.78125,315.0,9546920.0
2024-06-02,2774,4447.5,1.804285714285714,18628.571428571428,83291240,11000.0,8627.0,94897000.0,0.0,0.0,50709.78125,315.0,9546920.0
2024-06-03,4986,10272.6,2.0900000000000003,17650.0,181337240,11000.0,8627.0,94897000.0,960.0,411000000.0,54250.666666666664,103.0,4214790.0
2024-06-04,5108,10448.5,2.178181818181818,17072.727272727272,179031400,13800.0,8525.0,117645000.0,640.0,275600000.0,54250.666666666664,103.0,4214790.0
2024-06-05,6059,11352.9,2.088,17080.0,193819890,13800.0,8525.0,117645000.0,320.0,137250000.0,53650.0,12.0,625600.0
2024-06-06,5419,11510.2,2.419230769230769,16592.30769230769,194712680,10000.0,7850.0,78500000.0,480.0,201250000.0,67000.0,57.0,3130000.0
2024-06-07,10603,23031.1,2.170666666666667,17130.0,390227020,15800.0,8037.5,126092500.0,640.0,267800000.0,67000.0,57.0,3130000.0
2024-06-08,5080,10722.4,2.222941176470588,17758.823529411766,192151120,23600.0,8385.666666666666,198389400.0,480.0,206600000.0,67000.0,57.0,3130000.0
2024-06-09,6220,14311.199999999999,2.183157894736842,17378.947368421053,246086200,23600.0,8385.666666666666,198389400.0,0.0,0.0,67000.0,57.0,3130000.0
2024-06-10,10212,21707.6,2.2672,18076.0,398367310,23600.0,8385.666666666666,198389400.0,1120.0,468075000.0,66024.64285714286,226.0,11625390.0
2024-06-11,10399,23003.9,2.294166666666667,19070.833333333332,437308800,13800.0,7950.0,109500000.0,480.0,201600000.0,66024.64285714286,226.0,11625390.0
2024-06-12,10754,24083.8,2.1744444444444446,19762.962962962964,469815060,13800.0,7950.0,109500000.0,800.0,346025000.0,26380.0,50.0,1191400.0
2024-06-13,6329,14966.4,2.355882352941176,19217.647058823528,292218120,13500.0,7250.0,97875000.0,480.0,206025000.0,82000.0,3.0,246000.0
2024-06-14,5497,12370.9,2.4047058823529412,19776.470588235294,245064300,15000.0,8025.0,120375000.0,480.0,206400000.0,35465.0,55.0,1687200.0
2024-06-15,7773,19393.2,2.5116666666666667,19200.0,371283600,30000.0,7697.0,230910000.0,1245.0,524150000.0,76675.4,225.0,8728175.0
2024-06-16,5392,11835.6,2.2876190476190477,19257.14285714286,229324400,30000.0,7697.0,230910000.0,1245.0,524150000.0,76675.4,225.0,8728175.0
2024-06-17,4695,10039.0,2.232222222222222,19616.666666666668,196076080,30000.0,7697.0,230910000.0,1245.0,524150000.0,76675.4,225.0,8728175.0
2024-06-18,8434,10322.3,1.455,19925.0,205398540,30000.0,7697.0,230910000.0,960.0,406475000.0,31512.5,11.0,364225.0
2024-06-19,8019,13271.4,1.788235294117647,18129.41176470588,246262510,30000.0,7697.0,230910000.0,560.0,237000000.0,31512.5,11.0,364225.0
2024-06-20,6160,13795.8,2.159375,18168.75,246352200,27000.0,7447.0,201769000.0,640.0,269325000.0,90600.0,125.0,6538000.0
2024-06-21,12306,24966.4,2.01,18632.0,460246800,27000.0,7447.0,201769000.0,640.0,271020000.0,43383.75,70.0,3570450.0
2024-06-22,9006,19652.0,2.2261904761904763,19128.571428571428,374871480,27000.0,7447.0,201769000.0,640.0,269625000.0,95569.70588235294,128.0,6895650.0
2024-06-23,4054,9183.6,2.2742857142857145,19314.285714285714,176596230,6600.0,8225.0,54285000.0,0.0,0.0,95569.70588235294,128.0,6895650.0
2024-06-24,13509,25235.2,1.9644117647058825,19894.117647058825,501296780,6600.0,8225.0,54285000.0,1117.0,472950000.0,57000.0,69.0,2426000.0
2024-06-25,9578,18761.2,2.134666666666667,19870.0,373933610,12900.0,8075.0,104095000.0,480.0,203520000.0,49048.25,314.0,8373140.0
2024-06-26,4750,11056.5,2.3644444444444446,19722.222222222223,217658340,21000.0,7347.0,154287000.0,480.0,201520000.0,49048.25,314.0,8373140.0
2024-06-27,3362,7393.7,2.122222222222222,19733.333333333332,145601760,21000.0,7347.0,154287000.0,320.0,133950000.0,49048.25,314.0,8373140.0
2024-06-28,9916,18069.8,2.017777777777778,19518.51851851852,352928920,35500.0,7662.5,269612500.0,800.0,335575000.0,58247.666666666664,310.0,13893014.0
2024-06-29,8078,17214.9,2.2569565217391303,19221.739130434784,330721350,35500.0,7662.5,269612500.0,640.0,268645000.0,58247.666666666664,310.0,13893014.0
2024-06-30,9304,20913.3,2.3288461538461536,19188.46153846154,400730900,35500.0,7662.5,269612500.0,640.0,268645000.0,58247.666666666664,310.0,13893014.0
2024-07-01,11830,28723.8,2.456896551724138,18703.44827586207,531679670,35500.0,7662.5,269612500.0,800.0,338695000.0,29210.0,66.0,1603350.0
2024-07-02,16270,32241.7,2.1995,18462.5,593026640,3500.0,8100.0,28350000.0,800.0,339040000.0,29210.0,66.0,1603350.0
2024-07-03,13215,25232.9,2.0168421052631578,18392.105263157893,465530050,3500.0,8100.0,28350000.0,320.0,134900000.0,439300.0,2.0,878600.0
2024-07-04,4867,7626.7,1.55,18380.0,136974160,3500.0,8100.0,28350000.0,900.0,378425000.0,31512.5,14.0,406000.0
2024-07-05,6479,12374.3,1.8611764705882354,17858.823529411766,228102830,37800.0,7999.0,305408100.0,280.0,117725000.0,334650.0,3.0,1108600.0
2024-07-06,6653,13855.1,2.0515,18090.0,251067010,5000.0,7850.0,39250000.0,640.0,272000000.0,61065.57142857143,554.0,18300852.0
2024-07-07,8172,15398.5,2.103846153846154,17730.76923076923,272571820,5000.0,7850.0,39250000.0,0.0,0.0,61065.57142857143,554.0,18300852.0
2024-07-08,5312,13000.6,2.50625,18000.0,225719800,5000.0,7850.0,39250000.0,640.0,272200000.0,106069.0,9.0,893400.0
2024-07-09,6589,11838.1,1.8486666666666667,19366.666666666668,229541950,5000.0,7850.0,39250000.0,640.0,269600000.0,90300.0,13.0,1173900.0
2024-07-10,11166,18703.1,1.8917391304347826,19526.08695652174,370092310,23000.0,7347.0,168981000.0,680.0,287520000.0,90300.0,13.0,1173900.0
2024-07-11,9043,17050.1,1.9604545454545452,20181.81818181818,343734630,23000.0,7347.0,168981000.0,460.0,194800000.0,82000.0,4.0,328000.0
2024-07-12,9107,17655.9,1.9696,20140.0,355934050,16000.0,7355.0,117680000.0,320.0,137600000.0,35368.0,25.0,588900.0
2024-07-13,7315,15693.2,2.2076,19828.0,314404540,21000.0,7932.333333333333,166536500.0,320.0,136400000.0,35368.0,25.0,588900.0
2024-07-14,19338,37775.5,2.0635185185185185,20088.88888888889,760984760,21000.0,7932.333333333333,166536500.0,0.0,0.0,35368.0,25.0,588900.0
2024-07-15,11483,20741.6,2.037272727272727,19263.636363636364,406984200,21000.0,7932.333333333333,166536500.0,600.0,257200000.0,35368.0,25.0,588900.0
2024-07-16,3280,5902.9,1.670625,19356.25,115178570,21000.0,7932.333333333333,166536500.0,960.0,410625000.0,69390.91666666667,431.0,11942775.0
2024-07-17,5618,10358.4,1.8119047619047617,18776.190476190477,194324830,21000.0,7932.333333333333,166536500.0,508.0,217240000.0,69390.91666666667,431.0,11942775.0
2024-07-18,5887,11683.7,2.011052631578947,18100.0,211759200,21000.0,7932.333333333333,166536500.0,320.0,137600000.0,69390.91666666667,431.0,11942775.0
2024-07-19,15922,32320.2,2.0505405405405406,17605.405405405407,570902100,32000.0,7573.5,241340000.0,640.0,274320000.0,69390.91666666667,431.0,11942775.0
2024-07-20,6924,15368.0,2.1730434782608694,17356.521739130436,269811410,9000.0,7825.0,70425000.0,430.0,183370000.0,69390.91666666667,431.0,11942775.0
2024-07-21,6054,13433.6,2.1757142857142857,17271.428571428572,234628310,9000.0,7825.0,70425000.0,0.0,0.0,69390.91666666667,431.0,11942775.0
2024-07-22,17564,32938.5,2.047142857142857,17807.14285714286,590572160,9000.0,7825.0,70425000.0,642.0,271644000.0,32041.11111111111,214.0,4819430.0
2024-07-23,2195,5167.8,2.13625,16812.5,88360000,16800.0,7925.0,133140000.0,540.0,228250000.0,32041.11111111111,214.0,4819430.0
2024-07-24,5414,8429.0,1.583,18110.0,151045420,16800.0,7925.0,133140000.0,480.0,204000000.0,32041.11111111111,214.0,4819430.0
2024-07-25,2750,3977.8999999999996,1.4816666666666667,17916.666666666668,71528700,16800.0,7925.0,133140000.0,320.0,134400000.0,32041.11111111111,214.0,4819430.0
2024-07-26,2225,5279.0,2.3362499999999997,17337.5,91240400,10500.0,6955.0,73027500.0,320.0,134320000.0,230000.0,2.0,460000.0
2024-07-27,7689,14927.2,2.011052631578947,16926.315789473683,252631240,7500.0,7900.0,59250000.0,800.0,334920000.0,230000.0,2.0,460000.0
2024-07-28,3311,8351.5,2.4645454545454544,16618.18181818182,138527800,7500.0,7900.0,59250000.0,800.0,334920000.0,230000.0,2.0,460000.0
2024-07-29,7251,14565.0,1.9594736842105263,16415.78947368421,236827160,7500.0,7900.0,59250000.0,480.0,201600000.0,64733.333333333336,28.0,1727424.0
2024-07-30,6356,11194.5,1.9216666666666666,16000.0,181416260,9000.0,6947.0,62523000.0,480.0,201600000.0,50436.666666666664,48.0,2175500.0
2024-07-31,8649,15624.0,1.8516666666666666,15550.0,242496360,15000.0,7525.0,112875000.0,320.0,134400000.0,31512.5,18.0,532050.0
2024-08-01,2532,4550.0,1.941111111111111,15577.777777777777,71472300,15000.0,7525.0,112875000.0,510.0,206550000.0,74082.69230769231,251.0,10193600.0
2024-08-02,7788,17011.5,2.1915789473684213,17415.78947368421,288361800,6500.0,5120.0,33280000.0,1040.0,421720000.0,159100.0,159.0,12472000.0
2024-08-03,8474,18212.4,2.13625,17416.666666666668,320891870,6500.0,5120.0,33280000.0,480.0,194400000.0,31071.3,99.0,2038632.0
2024-08-04,7655,16896.2,2.2452380952380953,17842.85714285714,300489430,6500.0,5120.0,33280000.0,0.0,0.0,31512.5,21.0,538650.0
2024-08-05,6633,15038.3,2.3141176470588234,17388.235294117647,263821990,6500.0,5120.0,33280000.0,640.0,261120000.0,31512.5,30.0,769500.0
2024-08-06,2531,5698.1,2.534,17400.0,98876100,30000.0,5925.0,177750000.0,410.0,164850000.0,31512.5,30.0,769500.0
2024-08-07,9629,22715.0,2.395925925925926,16403.703703703704,371676060,30000.0,5925.0,177750000.0,460.0,185400000.0,31512.5,30.0,769500.0
2024-08-08,10560,22449.7,2.2084848484848485,17793.939393939392,400286450,30000.0,5925.0,177750000.0,320.0,131600000.0,69276.35714285714,122.0,6040950.0
2024-08-09,14423,29169.2,2.117555555555555,17804.444444444445,519025460,16000.0,5162.5,80750000.0,320.0,128400000.0,230000.0,2.0,460000.0
2024-08-10,6271,14328.0,2.3568000000000002,17764.0,252478560,16000.0,5162.5,80750000.0,320.0,129960000.0,31121.3,321.0,6468700.0
2024-08-11,5726,14580.8,2.54,17435.29411764706,252305380,16000.0,5162.5,80750000.0,0.0,0.0,31121.3,321.0,6468700.0
2024-08-12,11305,24625.6,2.216176470588235,17491.176470588234,428794820,16000.0,5162.5,80750000.0,800.0,324100000.0,66556.5,140.0,6418360.0
2024-08-13,12629,22635.9,1.9641379310344829,17686.206896551725,404045660,16000.0,5162.5,80750000.0,320.0,130000000.0,42786.666666666664,35.0,1172100.0
2024-08-14,1319,1843.8000000000002,1.4100000000000001,16333.333333333334,33112200,20000.0,4655.0,93100000.0,320.0,129800000.0,42786.666666666664,35.0,1172100.0
2024-08-15,16459,33170.2,2.067647058823529,17738.235294117647,586973160,20000.0,4655.0,93100000.0,160.0,64800000.0,60174.434782608696,231.0,8484021.0
2024-08-16,6132,11110.4,1.967857142857143,17650.0,196576100,20000.0,4655.0,93100000.0,940.0,381180000.0,64677.857142857145,189.0,7987720.0
2024-08-17,1983,4787.6,2.3433333333333333,17622.222222222223,84151220,25200.0,4292.0,111663000.0,0.0,0.0,64677.857142857145,189.0,7987720.0
2024-08-18,2079,5054.4,2.462,17100.0,86158800,25200.0,4292.0,111663000.0,0.0,0.0,64677.857142857145,189.0,7987720.0
2024-08-19,4036,9394.6,2.4829999999999997,16800.0,157898000,25200.0,4292.0,111663000.0,520.0,213730000.0,64677.857142857145,189.0,7987720.0
2024-08-20,13536,31684.2,2.288064516129032,17248.387096774193,537320460,6500.0,4125.0,26812500.0,320.0,128000000.0,93756.25,17.0,1161800.0
2024-08-21,1506,2716.2,1.9899999999999998,17820.0,48324440,6500.0,4125.0,26812500.0,480.0,194800000.0,93756.25,17.0,1161800.0
2024-08-22,1090,1646.0,1.6400000000000001,17900.0,29493640,15000.0,4100.0,61500000.0,320.0,128400000.0,93756.25,17.0,1161800.0
2024-08-23,12958,26514.4,2.0653125,17784.375,470360760,28000.0,3912.5,108200000.0,640.0,258150000.0,324000.0,19.0,2988000.0
2024-08-24,6347,13913.4,2.2155,17660.0,245150920,28000.0,3912.5,108200000.0,160.0,64800000.0,70230.11111111111,331.0,10112140.0
2024-08-25,2812,6507.2,2.36,17153.846153846152,112808260,28000.0,3912.5,108200000.0,160.0,64800000.0,70230.11111111111,331.0,10112140.0
2024-08-26,8134,17278.0,2.194090909090909,17672.727272727272,305264940,28000.0,3912.5,108200000.0,640.0,258100000.0,35359.8,99.0,2335634.0
2024-08-27,10607,21687.8,2.2144,17608.0,382342320,25500.0,3700.0,94350000.0,320.0,128525000.0,40250.0,32.0,954000.0
2024-08-28,2717,5234.4,1.9849999999999999,17312.5,90739440,5000.0,3700.0,18500000.0,480.0,193200000.0,40250.0,32.0,954000.0
2024-08-29,4936,7289.6,1.4942857142857144,17128.571428571428,120213680,5000.0,3700.0,18500000.0,480.0,192800000.0,31512.5,23.0,672025.0
2024-08-30,5712,9632.2,1.7876923076923075,16784.615384615383,161906060,11500.0,3500.0,40250000.0,960.0,386320000.0,51860.65,354.0,8250700.0
2024-08-31,3912,6827.4,1.945,16550.0,111404800,6500.0,3500.0,22750000.0,160.0,64000000.0,31409.81818181818,445.0,6084742.0
2024-09-02,3864,8350.8,2.237142857142857,17757.14285714286,147148480,6500.0,3500.0,22750000.0,320.0,128400000.0,20000.0,20.0,400000.0
2024-09-03,3707,7761.6,2.449,17790.0,135890500,8500.0,3212.5,28375000.0,140.0,56000000.0,46438.545454545456,75.0,2671450.0
2024-09-04,4864,8606.4,2.0016666666666665,17316.666666666668,147216140,8500.0,3212.5,28375000.0,480.0,191600000.0,46438.545454545456,75.0,2671450.0
2024-09-05,2030,3878.2,2.2566666666666664,17066.666666666668,63846040,8500.0,3212.5,28375000.0,370.0,148250000.0,46438.545454545456,75.0,2671450.0
2024-09-06,9912,18349.6,1.9070833333333332,16833.333333333332,307660140,20000.0,5550.0,111000000.0,450.0,179600000.0,44044.882352941175,303.0,7034098.0
2024-09-07,2138,4656.599999999999,2.238888888888889,16488.88888888889,76792800,5000.0,5338.0,26690000.0,160.0,64000000.0,134500.0,26.0,1587000.0
2024-09-08,1264,3119.2,2.48,16000.0,49907200,16000.0,5550.0,88800000.0,160.0,64000000.0,134500.0,26.0,1587000.0
2024-09-09,10953,22349.6,2.0846153846153848,16311.538461538461,362451440,16000.0,5550.0,88800000.0,480.0,192400000.0,62934.5,19.0,932475.0
2024-09-10,15379,29912.0,2.1487878787878785,18603.030303030304,551277480,16000.0,5550.0,88800000.0,640.0,256000000.0,62934.5,19.0,932475.0
2024-09-11,5821,14441.8,2.5394444444444444,18455.555555555555,264783680,12000.0,3947.0,47364000.0,640.0,259200000.0,62934.5,19.0,932475.0
2024-09-12,5013,11242.2,2.22875,18018.75,200455840,12000.0,3947.0,47364000.0,640.0,259200000.0,121500.0,12.0,590000.0
2024-09-13,4829,10044.2,2.0957142857142856,17035.714285714286,173673220,12000.0,3947.0,47364000.0,160.0,63600000.0,66312.5,230.0,9120000.0
2024-09-14,4716,7533.2,1.811,16300.0,127828220,21500.0,5112.5,112762500.0,1170.0,473070000.0,95869.0,2.0,191738.0
2024-09-15,3410,5590.0,1.9666666666666666,17000.0,94998820,21500.0,5112.5,112762500.0,0.0,0.0,95869.0,2.0,191738.0
2024-09-17,210,636.2,3.03,16500.0,10497300,21500.0,5112.5,112762500.0,800.0,321300000.0,34301.0,310.0,6552752.0
2024-09-18,2501,3239.8,1.4116666666666668,15700.0,50269600,17000.0,5425.0,92225000.0,800.0,323950000.0,24191.0,90.0,2056450.0
2024-09-19,307,353.4,1.15,17000.0,6007800,7000.0,5050.0,35350000.0,160.0,64800000.0,24191.0,90.0,2056450.0
2024-09-20,7124,11859.2,1.7433333333333332,16740.0,197244400,7000.0,5050.0,35350000.0,160.0,62400000.0,31512.5,32.0,938050.0
2024-09-21,5703,9192.0,1.6453333333333333,16786.666666666668,154558920,10000.0,5050.0,50500000.0,740.0,295000000.0,61156.92307692308,279.0,10650330.0
2024-09-22,8188,13913.6,1.93625,16687.5,233150260,8000.0,5425.0,43400000.0,740.0,295000000.0,61156.92307692308,279.0,10650330.0
2024-09-23,3918,5088.2,2.0060000000000002,16880.0,86164680,8000.0,5425.0,43400000.0,960.0,378000000.0,61156.92307692308,279.0,10650330.0
2024-09-24,9274,19414.2,2.1062499999999997,16062.5,310317560,8000.0,5425.0,43400000.0,360.0,140600000.0,59000.0,60.0,3540000.0
2024-09-25,13653,28777.2,2.1378787878787877,16127.272727272728,462700740,44000.0,5050.0,222200000.0,320.0,129600000.0,59000.0,60.0,3540000.0
2024-09-26,5778,12675.6,2.1670000000000003,16185.0,204267320,44000.0,5050.0,222200000.0,480.0,193950000.0,86869.0,10.0,868688.0
2024-09-27,11641,26079.0,2.242051282051282,15733.333333333334,408571340,10000.0,4357.0,43570000.0,160.0,63600000.0,37933.0,184.0,5179439.0
2024-09-28,2106,4244.599999999999,2.2455555555555557,15111.111111111111,61869660,10000.0,4357.0,43570000.0,850.0,338400000.0,5623.0,100.0,562300.0
2024-09-29,5446,10792.4,1.9953333333333334,15266.666666666666,168766540,10000.0,4357.0,43570000.0,0.0,0.0,5623.0,100.0,562300.0
2024-09-30,7984,16130.8,2.078888888888889,15962.962962962964,257870540,10000.0,4357.0,43570000.0,320.0,129320000.0,57000.0,10.0,570000.0
2024-10-01,8882,18057.4,2.0013793103448276,16348.275862068966,293514040,10000.0,4357.0,43570000.0,320.0,123050000.0,57000.0,10.0,570000.0
2024-10-02,8868,20746.4,2.412,16040.0,336446300,10000.0,4357.0,43570000.0,580.0,231050000.0,57000.0,10.0,570000.0
2024-10-03,7774,20093.0,2.685909090909091,16790.909090909092,337477900,20000.0,4550.0,91000000.0,480.0,192000000.0,57000.0,10.0,570000.0
2024-10-04,8727,16314.0,2.1833333333333336,17395.238095238095,282567260,20000.0,4550.0,91000000.0,320.0,129920000.0,62271.857142857145,339.0,13199595.0
2024-10-05,5067,10732.0,2.244375,17831.25,190466030,7000.0,4425.0,30975000.0,640.0,256300000.0,62271.857142857145,339.0,13199595.0
2024-10-06,3810,7156.0,2.2091666666666665,17758.333333333332,126786620,7000.0,4425.0,30975000.0,0.0,0.0,62271.857142857145,339.0,13199595.0
2024-10-07,1666,3404.0,2.0533333333333332,18866.666666666668,64109720,7000.0,4425.0,30975000.0,440.0,178220000.0,64275.0,166.0,7384025.0
2024-10-08,5846,13596.0,2.3229411764705885,19194.117647058825,260262220,7000.0,4425.0,30975000.0,320.0,128000000.0,64275.0,166.0,7384025.0
2024-10-09,10312,17302.0,2.0153846153846153,19176.923076923078,330192920,16500.0,5175.0,85387500.0,320.0,128125000.0,64275.0,166.0,7384025.0
2024-10-10,3923,7358.0,2.0566666666666666,18833.333333333332,136869100,16500.0,5175.0,85387500.0,320.0,127625000.0,37510.0,50.0,1875500.0
2024-10-11,4020,5432.0,1.305,18383.333333333332,103853480,24200.0,5281.5,122579000.0,480.0,193600000.0,37510.0,50.0,1875500.0
2024-10-12,3255,6183.0,1.8780000000000001,19470.0,120371860,20000.0,4197.0,83940000.0,320.0,129300000.0,37510.0,50.0,1875500.0
2024-10-13,12023,21061.0,1.9387999999999999,19428.0,409416060,20000.0,4197.0,83940000.0,320.0,129300000.0,31512.5,14.0,335650.0
2024-10-14,3046,5060.0,1.734,19800.0,100295100,20000.0,4197.0,83940000.0,960.0,384500000.0,81351.48148148147,299.0,12053050.0
2024-10-15,5703,11515.0,2.0349999999999997,20364.285714285714,233595640,20000.0,4197.0,83940000.0,320.0,128400000.0,84333.33333333333,32.0,805000.0
2024-10-16,7199,15489.0,2.1880952380952383,20752.380952380954,320688100,20000.0,4197.0,83940000.0,160.0,64950000.0,61800.0,226.0,8781000.0
2024-10-17,9133,22682.0,2.470357142857143,21092.85714285714,477054360,20000.0,4197.0,83940000.0,480.0,194400000.0,61800.0,226.0,8781000.0
2024-10-18,3336,8578.0,2.5107692307692306,21130.76923076923,180403640,20000.0,4197.0,83940000.0,960.0,387120000.0,58400.34210526316,547.0,18399852.0
2024-10-19,7430,14181.0,1.941304347826087,21743.478260869564,307497780,30000.0,6694.0,197260000.0,460.0,186000000.0,58400.34210526316,547.0,18399852.0
2024-10-20,3265,4867.0,1.5928571428571427,21642.85714285714,105323820,30000.0,6694.0,197260000.0,460.0,186000000.0,58400.34210526316,547.0,18399852.0
2024-10-21,7702,14396.2,1.9111764705882355,22211.764705882353,319296000,30000.0,6694.0,197260000.0,640.0,256800000.0,34225.0,72.0,2142450.0
2024-10-22,5515,8996.8,1.7678571428571428,22200.0,198966200,10300.0,7425.0,76477500.0,480.0,194500000.0,34225.0,72.0,2142450.0
2024-10-23,1716,3797.2,2.242857142857143,22042.85714285714,83709100,22000.0,7325.0,161150000.0,160.0,64350000.0,34225.0,72.0,2142450.0
2024-10-24,8686,16950.4,1.955909090909091,21695.454545454544,367326060,22000.0,7325.0,161150000.0,160.0,63600000.0,72600.0,149.0,7251000.0
2024-10-25,7342,13028.0,1.7442857142857144,21252.380952380954,277075080,22000.0,7325.0,161150000.0,480.0,194495000.0,59468.083333333336,477.0,15392807.0
2024-10-26,5508,10211.0,1.8208333333333335,20733.333333333332,211817800,6300.0,8100.0,51030000.0,160.0,64800000.0,59468.083333333336,477.0,15392807.0
2024-10-27,9194,17628.0,1.8875,20746.875,365546820,15000.0,7050.0,105750000.0,0.0,0.0,59468.083333333336,477.0,15392807.0
2024-10-28,5909,12681.0,2.1885000000000003,19990.0,253226180,15000.0,7050.0,105750000.0,640.0,256800000.0,34225.0,80.0,2380500.0
2024-10-29,8103,16574.0,2.1062499999999997,18904.166666666668,316718300,18000.0,7325.0,131850000.0,480.0,187200000.0,134500.0,27.0,1626000.0
2024-10-30,13105,28389.0,2.2154545454545453,18939.39393939394,532808480,18000.0,7325.0,131850000.0,640.0,256800000.0,134500.0,27.0,1626000.0
2024-10-31,4244,9929.0,2.312,18853.333333333332,186411300,16000.0,7050.0,112800000.0,640.0,256800000.0,59223.86363636364,167.0,6201800.0
